Rank,Term,ResultIndex,Title,URL,Timestamp
1,#EubankBenn2,1,We have a fight #EubankBenn2,https://www.facebook.com/boxingnewsonline/posts/we-have-a-fight-eubankbenn2/1372273664260785/,2025-11-16T03:16:30Z
1,#EubankBenn2,2,8 DAYS. #EubankBenn2,https://www.instagram.com/p/DQw75vmjIiq/,2025-11-16T03:16:30Z
1,#EubankBenn2,3,50 Cent watching Chris Eubank Jr. tonight. #EubankBenn2,https://x.com/AndreasHale/status/1989828869558530398,2025-11-16T03:16:30Z
1,#EubankBenn2,4,Tomorrow We Make History‚Ä¶ Again #EubankBenn2,https://www.instagram.com/p/DRDP8XqDtMK/,2025-11-16T03:16:30Z
1,#EubankBenn2,5,"Man, ain't nothing like a fight in the UK. #EubankBenn2",https://x.com/AndreasHale/status/1989812979144298946,2025-11-16T03:16:30Z
1,#EubankBenn2,6,Any pubs showing #EubankBenn2 this Saturday? : r/Dublin,https://www.reddit.com/r/Dublin/comments/1ouex17/any_pubs_showing_eubankbenn2_this_saturday/,2025-11-16T03:16:30Z
1,#EubankBenn2,7,Ring walk with a full length is truly legendary work!! #EubankBenn2,https://x.com/johntalsr/status/1989815068893352201,2025-11-16T03:16:30Z
1,#EubankBenn2,8,#EubankBenn2 results: Adam Azim def. Kurt Scoby via 12th-round ...,https://twitter.com/MMAFighting/status/1989791049355559008,2025-11-16T03:16:30Z
1,#EubankBenn2,9,#EubankBenn2 @ChrisEubankJr,https://x.com/nickblackwell02/status/1989725536281661816,2025-11-16T03:16:30Z
1,#EubankBenn2,10,#EubankBenn2 results: Richard Riakporhe def. Tommy Welch via ...,https://twitter.com/MMAFighting/status/1989771343840063841,2025-11-16T03:16:30Z
1,#EubankBenn2,11,It's the week of #EubankBenn2. I'll be commentating with the team ...,https://x.com/RawlingJohn/status/1987495407908204845,2025-11-16T03:16:30Z
1,#EubankBenn2,12,Chris Eubank Sr on the MAN and FATHER that he is | #EubankBenn2,https://www.youtube.com/shorts/XD3g6qlWdeQ,2025-11-16T03:16:30Z
1,#EubankBenn2,13,Eubank doesn't look the same right now‚Ä¶ #EubankBenn2,https://x.com/nicoaliwalsh/status/1989821572757213588,2025-11-16T03:16:30Z
1,#EubankBenn2,14,#boxing #liveevents #eubankbenn2 | Daniel J.,https://www.linkedin.com/posts/daniel-j-7870631ab_boxing-liveevents-eubankbenn2-activity-7392132503941160960-TzNF,2025-11-16T03:16:30Z
1,#EubankBenn2,15,I asked who will win #EubankBenn2. 75% go for Eubank. Follow the ...,https://x.com/RawlingJohn/status/1987891044231381446,2025-11-16T03:16:30Z
1,#EubankBenn2,16,#eubankbenn2 | TikTok,https://www.tiktok.com/tag/eubankbenn2,2025-11-16T03:16:30Z
1,#EubankBenn2,17,#EubankBenn2 ring walks approximately 4:30 pm ET/1:30 pm PT,https://x.com/MikeCoppinger/status/1989731644690108864,2025-11-16T03:16:30Z
1,#EubankBenn2,18,Conor tattoos look incredibly nice! üñãÔ∏è üéüÔ∏è Buy #EubankBenn2 ...,https://x.com/DAZNBoxing/status/1983252077842248036,2025-11-16T03:16:30Z
1,#EubankBenn2,19,Boxraw - Boxraw added a new photo.,https://m.facebook.com/boxraw/photos/d41d8cd9/831612589504957/,2025-11-16T03:16:30Z
2,#UFC322,1,VeChain UFC 322: Della Maddalena vs Makhachev | UFC,https://www.ufc.com/event/ufc-322,2025-11-16T03:16:35Z
2,#UFC322,2,UFC 322 - Wikipedia,https://en.wikipedia.org/wiki/UFC_322,2025-11-16T03:16:35Z
2,#UFC322,3,UFC 322: Della Maddalena vs. Makhachev Live Fight Coverage ...,https://www.espn.com/mma/fightcenter/_/id/600055729/league/ufc,2025-11-16T03:16:35Z
2,#UFC322,4,#UFC322,https://www.facebook.com/bulletvalentina/posts/ufc322-/1376201377203927/,2025-11-16T03:16:35Z
2,#UFC322,5,UFC 322: Della Maddalena vs. Makhachev | MMA Event | Tapology,https://www.tapology.com/fightcenter/events/132653-ufc-322,2025-11-16T03:16:35Z
2,#UFC322,6,Training camp #UFC322,https://www.facebook.com/bulletvalentina/posts/training-camp-ufc322-/1367485044742227/,2025-11-16T03:16:35Z
2,#UFC322,7,I can already hear the sound #ufc322 #nyc #ny #robocop,https://x.com/gregory_mma/status/1989389579091333339,2025-11-16T03:16:35Z
2,#UFC322,8,Valentina - #UFC322 #NewYork | Facebook,https://www.facebook.com/bulletvalentina/photos/ufc322-newyork-/1378655523625179/,2025-11-16T03:16:35Z
2,#UFC322,9,Day 3 in NYC! #ufc322 #nyc #Robocop #newyork,https://x.com/gregory_mma/status/1989051120434704579,2025-11-16T03:16:35Z
2,#UFC322,10,"UFC 322 Tickets Nov 15, 2025 New York, NY | Ticketmaster",https://www.ticketmaster.com/ufc-322-new-york-new-york-11-15-2025/event/3B00631D915A0CB0,2025-11-16T03:16:35Z
2,#UFC322,11,Bo Nickal will fight Rodolfo Vieira at #UFC322 at MSG on November ...,https://www.reddit.com/r/MMA/comments/1n7wsf9/bo_nickal_will_fight_rodolfo_vieira_at_ufc322_at/,2025-11-16T03:16:35Z
2,#UFC322,12,UFC UFC 322 Merchandise | www.ufcstore.com,https://www.ufcstore.com/en/ufc-322/c-7874595142+z-7286-1600383897,2025-11-16T03:16:35Z
2,#UFC322,13,"Serhiy Sidey is out of #UFC322, multiple sources say. Malcolm ...",https://www.reddit.com/r/MMA/comments/1o5ya6g/serhiy_sidey_is_out_of_ufc322_multiple_sources/,2025-11-16T03:16:35Z
2,#UFC322,14,UFC 322: Della Maddalena vs. Makhachev Live Fight Coverage ...,https://www.espn.com.au/mma/fightcenter/_/id/600055729/league/ufc,2025-11-16T03:16:35Z
2,#UFC322,15,UFC 322: Della Maddalena vs Makhachev Live Stream on Kayo PPV,https://mainevent.kayosports.com.au/ufc/ufc-322,2025-11-16T03:16:35Z
2,#UFC322,16,UFC 322 | Combat Sports | Madison Square Garden,https://www.msg.com/events-tickets/ultimate-fighting-championship-ufc-madison-square-garden-november-2025/3B00631D915A0CB0,2025-11-16T03:16:35Z
2,#UFC322,17,UFC 322 live updates: Jack Della Maddalena vs. Islam Makhachev ...,https://sports.yahoo.com/mma/breaking-news/live/ufc-322-live-updates-jack-della-maddalena-vs-islam-makhachev-results-round-by-round-analysis-and-highlights-070023350.html,2025-11-16T03:16:35Z
2,#UFC322,18,UFC 322 - Della Maddalena vs. Makhachev,https://www.sherdog.com/events/UFC-322-Della-Maddalena-vs-Makhachev-109394,2025-11-16T03:16:35Z
2,#UFC322,19,UFC 322,https://liveatthebatteryatlanta.com/Events-and-Entertainment/Events/20251115-UFC-322,2025-11-16T03:16:35Z
2,#UFC322,20,"UFC 322 fight card: Date, odds, complete guide for Della Maddalena ...",https://www.cbssports.com/ufc/news/ufc-322-fight-card-date-odds-location-start-time-rumors-latest-news-complete-guide/,2025-11-16T03:16:35Z
3,Hanley,1,"Hanley Ram√≠rez Stats, Height, Weight, Position, Rookie Status ...",https://www.baseball-reference.com/players/r/ramirha01.shtml,2025-11-16T03:16:39Z
3,Hanley,2,Hanley Foundation,https://hanleyfoundation.org/,2025-11-16T03:16:39Z
3,Hanley,3,Hanley Center,https://www.hanleycenter.org/,2025-11-16T03:16:39Z
3,Hanley,4,Hanley Investment Group: Home,https://hanleyinvestmentgroup.com/,2025-11-16T03:16:39Z
3,Hanley,5,"Historic Hanley House | City of Clayton, MO",https://www.claytonmo.gov/government/parks-recreation/historic-hanley-house,2025-11-16T03:16:39Z
3,Hanley,6,Obituary information for Patricia Hanley,https://www.flinchandbruns.com/obituaries/Patricia-Hanley?obId=45868640,2025-11-16T03:16:39Z
3,Hanley,7,Three arrests after man and woman assaulted in Hanley,https://www.bbc.com/news/articles/cgkz3y8z0k6o,2025-11-16T03:16:39Z
3,Hanley,8,Hanley's Foods: Salad Fixin's for Salad Lovers,https://hanleysfoods.com/,2025-11-16T03:16:39Z
3,Hanley,9,Framing Hanley | Nashville TN,https://www.facebook.com/FramingHanley/,2025-11-16T03:16:39Z
3,Hanley,10,Hanley Virus Lab!,https://hanleyviruslab.nmsu.edu/,2025-11-16T03:16:39Z
3,Hanley,11,"Research Profile - Patrick J. Hanley, PhD | Children's National ...",https://research.childrensnational.org/people/patrick-hanley,2025-11-16T03:16:39Z
3,Hanley,12,Daniel Hanley | GMU College of Science,https://science.gmu.edu/directory/daniel-hanley,2025-11-16T03:16:39Z
3,Hanley,13,"Dr. Dan Hanley Jr., MD - Baltimore, MD - Neurology",https://profiles.hopkinsmedicine.org/provider/dan-hanley-jr/2705440,2025-11-16T03:16:39Z
3,Hanley,14,Will Hanley | Department of History,https://history.fsu.edu/person/will-hanley,2025-11-16T03:16:39Z
3,Hanley,15,"Hanley Sustainability Institute : University of Dayton, Ohio",https://udayton.edu/centers/hanley-sustainability/index.php,2025-11-16T03:16:39Z
3,Hanley,16,Department of History Staff | Western Kentucky University,https://www.wku.edu/history/staff/jennifer_walton-hanley,2025-11-16T03:16:39Z
3,Hanley,17,Office of the President | Northeastern State University,https://offices.nsuok.edu/president/default.aspx,2025-11-16T03:16:39Z
3,Hanley,18,Hanley House : Residence Halls : Housing and Residence Education,https://housing.osu.edu/roomsearch/hanley-house,2025-11-16T03:16:39Z
3,Hanley,19,Eileen Mary Hanley Obituary - Visitation & Funeral Information,https://www.piercefh.com/m/obituaries/eileen-hanley/,2025-11-16T03:16:39Z
3,Hanley,20,Kathleen Weiss Hanley | Lehigh Business,https://business.lehigh.edu/directory/kathleen-weiss-hanley,2025-11-16T03:16:39Z
4,#Strictly,1,We have loved working as a duo and hosting Strictly has been an ...,https://www.instagram.com/reel/DQJTPFGjFJ4/,2025-11-16T03:16:44Z
4,#Strictly,2,Strutting to my first training day tomorrow‚Ä¶ wish me luck!!! #strictly,https://www.instagram.com/p/DOlxZpoghOf/?hl=en,2025-11-16T03:16:44Z
4,#Strictly,3,BBC One - Strictly Come Dancing,https://www.bbc.co.uk/programmes/b006m8dq,2025-11-16T03:16:44Z
4,#Strictly,4,Sadly due to an injury Stefan Dennis is leaving #Strictly. We have ...,https://www.facebook.com/bbcstrictly/posts/sadly-due-to-an-injury-stefan-dennis-is-leaving-strictly-we-have-loved-watching-/1356307635851067/,2025-11-16T03:16:44Z
4,#Strictly,5,Strictly Dumpling - YouTube,https://www.youtube.com/strictlydumpling,2025-11-16T03:16:44Z
4,#Strictly,6,Strictly Business - Bentley Mills,https://www.bentleymills.com/product/86-strictly-business/,2025-11-16T03:16:44Z
4,#Strictly,7,SE-0458: Opt-in Strict Memory Safety Checking - Proposal Reviews ...,https://forums.swift.org/t/se-0458-opt-in-strict-memory-safety-checking/77274,2025-11-16T03:16:44Z
4,#Strictly,8,Strictly Come Dancing - Wikipedia,https://en.wikipedia.org/wiki/Strictly_Come_Dancing,2025-11-16T03:16:44Z
4,#Strictly,9,Language Log ¬ª Strictly what?,https://languagelog.ldc.upenn.edu/nll/?p=907,2025-11-16T03:16:44Z
4,#Strictly,10,Strictly Stalking - Podcast - Apple Podcasts,https://podcasts.apple.com/us/podcast/strictly-stalking/id1494237083,2025-11-16T03:16:44Z
4,#Strictly,11,Strictly Bella Photography,https://www.strictlybellaphotography.com/,2025-11-16T03:16:44Z
4,#Strictly,12,"STRICT Center | City of Findlay, OH",https://www.findlayohio.gov/community/strict-center,2025-11-16T03:16:44Z
4,#Strictly,13,Not Strictly Spiritual ‚Äì Discovering the Divine with Mary DeTurris Poust,https://notstrictlyspiritual.com/,2025-11-16T03:16:44Z
4,#Strictly,14,Hardly Strictly Bluegrass,https://hardlystrictlybluegrass.com/,2025-11-16T03:16:44Z
4,#Strictly,15,Record labels like Strictly Rhythm : r/House,https://www.reddit.com/r/House/comments/1faubpj/record_labels_like_strictly_rhythm/,2025-11-16T03:16:44Z
4,#Strictly,16,The Strictly Spoiler (@davejthorp) / Posts / X,https://x.com/davejthorp?lang=en,2025-11-16T03:16:44Z
4,#Strictly,17,"Strictly For Streets Progress and Updates | Fort Morgan, CO",https://www.cityoffortmorgan.com/822/Strictly-For-Streets-Progress-and-Update,2025-11-16T03:16:44Z
4,#Strictly,18,"Strictly Proper Scoring Rules, Prediction, and Estimation: Journal of ...",https://www.tandfonline.com/doi/abs/10.1198/016214506000001437,2025-11-16T03:16:44Z
4,#Strictly,19,Strictly Jazz Sounds: Home,https://strictlyjazzsounds.com/,2025-11-16T03:16:44Z
4,#Strictly,20,LIVEcommunity - Why Did Strict IP Address Check Break this VPN ...,https://live.paloaltonetworks.com/t5/general-topics/why-did-strict-ip-address-check-break-this-vpn/td-p/196727,2025-11-16T03:16:44Z
5,Epstein,1,Jeffrey Epstein - Wikipedia,https://en.wikipedia.org/wiki/Jeffrey_Epstein,2025-11-16T03:16:48Z
5,Epstein,2,Multi-disciplinary Design and Construction | Epstein,https://www.epsteinglobal.com/,2025-11-16T03:16:48Z
5,Epstein,3,"Indictment, JEFFREY EPSTEIN",https://www.justice.gov/usao-sdny/press-release/file/1180481/dl,2025-11-16T03:16:48Z
5,Epstein,4,Jeffrey Epstein cultivated celebrity relationships for years. Many ...,https://www.cbsnews.com/news/jeffrey-epstein-celebrity-relationships-documents/,2025-11-16T03:16:48Z
5,Epstein,5,Who was Jeffrey Epstein? The disgraced financier with powerful ...,https://www.bbc.com/news/world-us-canada-48913377,2025-11-16T03:16:48Z
5,Epstein,6,Listen To The Jeffrey Epstein Tapes: 'I Was Donald Trump's Closest ...,https://docs.house.gov/meetings/JU/JU08/20250227/117951/HHRG-119-JU08-20250227-SD006-U6.pdf,2025-11-16T03:16:48Z
5,Epstein,7,Oversight Committee Releases Additional Epstein Estate ...,https://oversight.house.gov/release/oversight-committee-releases-additional-epstein-estate-documents/,2025-11-16T03:16:48Z
5,Epstein,8,Epstein Becker Green - Law Firm,https://www.ebglaw.com/,2025-11-16T03:16:48Z
5,Epstein,9,Harvey Epstein - Assembly District 74 |Assembly Member Directory ...,https://nyassembly.gov/mem/Harvey-Epstein/contact/,2025-11-16T03:16:48Z
5,Epstein,10,Watch Jeffrey Epstein: Filthy Rich | Netflix Official Site,https://www.netflix.com/title/80224905,2025-11-16T03:16:48Z
5,Epstein,11,Text - H.R.4405 - 119th Congress (2025-2026): Epstein Files ...,https://www.congress.gov/bill/119th-congress/house-bill/4405/text,2025-11-16T03:16:48Z
5,Epstein,12,Jason I. Epstein - Nelson Mullins,https://www.nelsonmullins.com/professionals/jason-epstein,2025-11-16T03:16:48Z
5,Epstein,13,Text - H.Res.581 - 119th Congress (2025-2026): Providing for ...,https://www.congress.gov/bill/119th-congress/house-resolution/581/text,2025-11-16T03:16:48Z
5,Epstein,14,Richard Epstein - Overview | NYU School of Law,https://its.law.nyu.edu/facultyprofiles/index.cfm?fuseaction=profile.overview&personid=26355,2025-11-16T03:16:48Z
5,Epstein,15,Shira Eve Epstein | The City College of New York,https://www.ccny.cuny.edu/profiles/shira-eve-epstein,2025-11-16T03:16:48Z
5,Epstein,16,Dr. Marc E. Epstein,https://www.cdfa.ca.gov/plant/ppd/staff/mepstein.html,2025-11-16T03:16:48Z
5,Epstein,17,House Oversight Committee Releases Jeffrey Epstein Email ...,https://oversightdemocrats.house.gov/news/press-releases/house-oversight-committee-releases-jeffrey-epstein-email-correspondence-raising,2025-11-16T03:16:48Z
5,Epstein,18,Epstein-Barr viral DNA in tissues of Hodgkin's disease,https://pubmed.ncbi.nlm.nih.gov/2821817/,2025-11-16T03:16:48Z
5,Epstein,19,House Member,https://www.azleg.gov/House/House-member/?legislature=55&session=125&legislator=2022,2025-11-16T03:16:48Z
5,Epstein,20,"Alan L Epstein, MD, PhD - Keck School of Medicine of USC",https://keck.usc.edu/faculty-search/alan-l-epstein/,2025-11-16T03:16:48Z
6,#ENGvNZL,1,Allianz Stadium | ‚ÄúAn awesome stadium‚Äù üèüÔ∏è Ahead of #ENGvNZL ...,https://www.instagram.com/reel/DRC8VnLjYlZ/,2025-11-16T03:16:53Z
6,#ENGvNZL,2,Would love me one of those EN coaching tops though #ENGvNZL,https://x.com/izzynetball/status/1989740327243321457,2025-11-16T03:16:53Z
6,#ENGvNZL,3,"""It was obviously really, really physical."" #ENGvNZL",https://www.facebook.com/PlanetRugby/posts/-it-was-obviously-really-really-physical-engvnzl/1254350830055912/,2025-11-16T03:16:53Z
6,#ENGvNZL,4,RT @lalaanny: Dear comms #ENGvNZL,https://x.com/izzynetball/status/1989794043409334345,2025-11-16T03:16:53Z
6,#ENGvNZL,5,Final-whistle feelings #ENGvNZL,https://www.facebook.com/OfficialEnglandRugby/posts/final-whistle-feelings-engvnzl/1388366109625752/,2025-11-16T03:16:53Z
6,#ENGvNZL,6,Final-whistle feelings #ENGvNZL,https://www.facebook.com/OfficialEnglandRugby/posts/final-whistle-feelings-engvnzl/1388366109625752/?locale=cy_GB,2025-11-16T03:16:53Z
6,#ENGvNZL,7,"""They will have too much power in the second half."" #ENGvNZL",https://www.facebook.com/PlanetRugby/posts/-they-will-have-too-much-power-in-the-second-half-engvnzl/1253577050133290/,2025-11-16T03:16:53Z
6,#ENGvNZL,8,2019 inspired response to the All Blacks Haka #rugby #engvnzl ...,https://www.facebook.com/rugbypass/posts/2019-inspired-response-to-the-all-blacks-haka-rugby-engvnzl-quilternationsseries/1289200626574475/,2025-11-16T03:16:53Z
6,#ENGvNZL,9,Û†ÅßÛ†Å¢Û†Å•Û†ÅÆÛ†ÅßÛ†Åø GEORGE FORD STARTS FOR ENGLAND V ALL ...,https://www.facebook.com/PlanetRugby/posts/-george-ford-starts-for-england-v-all-blacks-engvnzl/1250746413749687/,2025-11-16T03:16:53Z
6,#ENGvNZL,10,#engvnzl | TikTok,https://www.tiktok.com/tag/engvnzl,2025-11-16T03:16:53Z
6,#ENGvNZL,11,#engvnzl | TikTok,https://www.tiktok.com/tag/engvnzl,2025-11-16T03:16:53Z
6,#ENGvNZL,12,"RugbyPass (@rugbypass) ‚Ä¢ Threads, Say more",https://www.threads.com/@rugbypass,2025-11-16T03:16:53Z
6,#ENGvNZL,13,#ENGvNZL ‚Äì Radio Jackie,https://radiojackie.com/tag/engvnzl/,2025-11-16T03:16:53Z
6,#ENGvNZL,14,One of the most iconic responses to the All Blacks' Haka What will ...,https://www.newsbreak.com/rugby-pass-312687418/4343086981601-one-of-the-most-iconic-responses-to-the-all-blacks-haka-what-will-england-have-in-store-for-new-zealand-when-they-come-to-the-allianz-stadium-this-weekend-rugby-engvnzl-created-by-rugbypass-with-rugbypass-s-original-sound,2025-11-16T03:16:53Z
6,#ENGvNZL,15,England Team review vs the All Blacks #englandrugby #allblacks ...,https://www.youtube.com/shorts/_HJkf7ePaFg,2025-11-16T03:16:53Z
6,#ENGvNZL,16,So very proud of Namulauulu Lauaki Tuitaamasaualii Manusamoa ...,https://m.facebook.com/SamoaEvents/videos/so-very-proud-of-namulauulu-lauaki-tuitaamasaualii-manusamoa-tuilagi-nickafoa-en/410052666615247/?__so__=permalink&__rv__=related_videos,2025-11-16T03:16:53Z
6,#ENGvNZL,17,South Africa ‚Äî X (Twitter) trending topics and hashtags today ...,https://trends24.in/south-africa/,2025-11-16T03:16:53Z
6,#ENGvNZL,18,"England Rugby Falls Short, New Zealand All Blacks Claim 24-22 ...",https://www.florugby.com/articles/12956562-england-rugby-falls-short-new-zealand-all-blacks-claim-24-22-victory,2025-11-16T03:16:53Z
6,#ENGvNZL,19,"Coupe du monde de rugby : ¬´ Il faut assumer ce qui s'est pass√© ¬ª, a ...",https://www.20minutes.fr/sport/2637239-20191026-coupe-monde-rugby-faut-assumer-passe-vu-blacks-faire-manger-comme-ca-depuis-20-ans,2025-11-16T03:16:53Z
6,#ENGvNZL,20,Coupe du monde de rugby : Va-t-on assister au match du si√®cle ...,https://www.20minutes.fr/sport/2635643-20191025-coupe-monde-rugby-va-assister-match-siecle-entre-nouvelle-zelande-angleterre,2025-11-16T03:16:53Z
7,Trump,1,Donald Trump - Wikipedia,https://en.wikipedia.org/wiki/Donald_Trump,2025-11-16T03:16:57Z
7,Trump,2,The Trump Organization | Luxury Real Estate Portfolio,https://www.trump.com/,2025-11-16T03:16:57Z
7,Trump,3,President Donald J. Trump,https://www.whitehouse.gov/administration/donald-j-trump/,2025-11-16T03:16:57Z
7,Trump,4,Donald J. Trump (@realDonaldTrump) / Posts / X,https://x.com/realDonaldTrump,2025-11-16T03:16:57Z
7,Trump,5,Donald J. Trump news | CNN Politics,https://www.cnn.com/politics/president-donald-trump-47,2025-11-16T03:16:57Z
7,Trump,6,Trump Winery,https://www.trumpwinery.com/,2025-11-16T03:16:57Z
7,Trump,7,Donald Trump | Breaking News & Latest Updates | AP News,https://apnews.com/hub/donald-trump,2025-11-16T03:16:57Z
7,Trump,8,Luxury Hotels | Trump Hotels - Official Website | 5 Star Hotels,https://www.trumphotels.com/,2025-11-16T03:16:57Z
7,Trump,9,23-939 Trump v. United States (07/01/2024),https://www.supremecourt.gov/opinions/23pdf/23-939_e2pg.pdf,2025-11-16T03:16:57Z
7,Trump,10,President Donald J. Trump's Call with President Vladimir Putin - U.S. ...,https://ru.usembassy.gov/president-donald-j-trumps-call-with-president-vladimir-putin/,2025-11-16T03:16:57Z
7,Trump,11,President Donald J. Trump (@realdonaldtrump) ‚Ä¢ Instagram photos ...,https://www.instagram.com/realdonaldtrump/?hl=en,2025-11-16T03:16:57Z
7,Trump,12,Donald J. Trump ‚Äì The White House,https://trumpwhitehouse.archives.gov/people/donald-j-trump/,2025-11-16T03:16:57Z
7,Trump,13,Latest Donald Trump News | Top Headlines on Donald Trump ...,https://www.reuters.com/world/us/donald-trump/,2025-11-16T03:16:57Z
7,Trump,14,Listen To The Jeffrey Epstein Tapes: 'I Was Donald Trump's Closest ...,https://docs.house.gov/meetings/JU/JU08/20250227/117951/HHRG-119-JU08-20250227-SD006-U6.pdf,2025-11-16T03:16:57Z
7,Trump,15,"Donald Trump - Breaking News, Photos and Videos | The Hill",https://thehill.com/people/donald-trump/,2025-11-16T03:16:57Z
7,Trump,16,Donald Trump - CNBC,https://www.cnbc.com/donald-trump/,2025-11-16T03:16:57Z
7,Trump,17,Office of the Pardon Attorney | Clemency Grants by President ...,https://www.justice.gov/pardon/clemency-grants-president-donald-j-trump-2025-present,2025-11-16T03:16:57Z
7,Trump,18,Pacito v. Trump: Challenging Trump's suspension of USRAP ...,https://refugeerights.org/news-resources/pacito-v-trump-challenging-trumps-suspension-of-usrap,2025-11-16T03:16:57Z
7,Trump,19,"V.O.S. SELECTIONS, INC. v. TRUMP [OPINION]",https://www.cafc.uscourts.gov/opinions-orders/25-1812.OPINION.8-29-2025_2566151.pdf,2025-11-16T03:16:57Z
7,Trump,20,"TRUMP, DONALD J. - Candidate overview | FEC",https://www.fec.gov/data/candidate/P80001571/,2025-11-16T03:16:57Z
8,Steve Clarke,1,Steve Clarke - Wikipedia,https://en.wikipedia.org/wiki/Steve_Clarke,2025-11-16T03:17:02Z
8,Steve Clarke,2,Steve Clarke (@SteveClarke02) / Posts / X,https://x.com/SteveClarke02,2025-11-16T03:17:02Z
8,Steve Clarke,3,Steve Clark - Wikipedia,https://en.wikipedia.org/wiki/Steve_Clark,2025-11-16T03:17:02Z
8,Steve Clarke,4,Steve Clarke - Executive Creative Director | VML LA | LinkedIn,https://www.linkedin.com/in/steve-clarke-83331995,2025-11-16T03:17:02Z
8,Steve Clarke,5,Have we sacked Steve Clarke yet? : r/ScottishFootball,https://www.reddit.com/r/ScottishFootball/comments/1drjxys/have_we_sacked_steve_clarke_yet/,2025-11-16T03:17:02Z
8,Steve Clarke,6,"Steve Clarke Music | musician | Minnesota, USA",https://www.thesteveclarke.com/,2025-11-16T03:17:02Z
8,Steve Clarke,7,Who could realistically replace Steve Clarke? : r/ScottishFootball,https://www.reddit.com/r/ScottishFootball/comments/v5bum4/who_could_realistically_replace_steve_clarke/,2025-11-16T03:17:02Z
8,Steve Clarke,8,Q&A: Steve Clarke,https://mainlinetoday.com/life-style/qa-steve-clarke/,2025-11-16T03:17:02Z
8,Steve Clarke,9,Steve Clarke question : r/ScottishFootball,https://www.reddit.com/r/ScottishFootball/comments/1fc94ef/steve_clarke_question/,2025-11-16T03:17:02Z
8,Steve Clarke,10,Working Stiffs | Steve Clarke,https://www.thesteveclarke.com/working-stiffs,2025-11-16T03:17:02Z
8,Steve Clarke,11,Steve Clarke sacked as West Brom head coach - BBC Sport,https://www.bbc.com/sport/football/25385000,2025-11-16T03:17:02Z
8,Steve Clarke,12,Sunday Funday: Steve Clarke and The Working Stiffs | City of ...,https://www.bloomingtonmn.gov/pr/events/sunday-funday-steve-clarke-and-working-stiffs-2025-07-20,2025-11-16T03:17:02Z
8,Steve Clarke,13,Steve Clarke | World Cube Association,https://www.worldcubeassociation.org/persons/2015CLAR13,2025-11-16T03:17:02Z
8,Steve Clarke,14,Stephen Clarke - School of Social Work and Arts,https://arts-ed.csu.edu.au/schools/social-work-arts/staff/profiles/professorial-staff/steve-clarke,2025-11-16T03:17:02Z
8,Steve Clarke,15,"Steve Clarke (@TheBluesPreacher) ‚Ä¢ Facebook, Connect with friends",https://www.facebook.com/TheBluesPreacher/,2025-11-16T03:17:02Z
8,Steve Clarke,16,Steve Clarke - SpaceCom 2026,https://www.spacecomexpo.com/speakers/steve-clarke,2025-11-16T03:17:02Z
8,Steve Clarke,17,Steve Clarke | Official Site | Chelsea Football Club,https://www.chelseafc.com/en/steve-clarke,2025-11-16T03:17:02Z
8,Steve Clarke,18,"Steve Clarke, CIMA¬Æ ‚Äì Heartwood Wealth Advisors",https://heartwoodva.com/team/steve-clarke/,2025-11-16T03:17:02Z
8,Steve Clarke,19,Steve Clarke (@theworldsfastestpumpkincarver) ‚Ä¢ Instagram photos ...,https://www.instagram.com/theworldsfastestpumpkincarver/,2025-11-16T03:17:02Z
8,Steve Clarke,20,'Mutiny on the Bounty' and Steve Clarke by Denis Frize - Scottish ...,https://scottishfsa.org/mutiny-on-the-bounty-and-steve-clarke-by-denis-frize/,2025-11-16T03:17:02Z
9,Scotland,1,Scotland - Wikipedia,https://en.wikipedia.org/wiki/Scotland,2025-11-16T03:17:06Z
9,Scotland,2,VisitScotland - Scotland's National Tourist Organisation | VisitScotland,https://www.visitscotland.com/,2025-11-16T03:17:06Z
9,Scotland,3,The Official Gateway to Scotland | Scotland.org,https://www.scotland.org/,2025-11-16T03:17:06Z
9,Scotland,4,The Scottish Government - gov.scot,https://www.gov.scot/,2025-11-16T03:17:06Z
9,Scotland,5,Zero Waste Scotland | Inspiring change to fight the climate crisis,https://www.zerowastescotland.org.uk/,2025-11-16T03:17:06Z
9,Scotland,6,"National Trust for Scotland: Nature, Beauty and Heritage for Everyone",https://www.nts.org.uk/,2025-11-16T03:17:06Z
9,Scotland,7,Scotland,https://www.reddit.com/r/Scotland/,2025-11-16T03:17:06Z
9,Scotland,8,Historic Environment Scotland | √Ärainneachd Eachdraidheil Alba,https://www.historicenvironment.scot/,2025-11-16T03:17:06Z
9,Scotland,9,Scottish FA: The Home of Scottish Football,https://www.scottishfa.co.uk/,2025-11-16T03:17:06Z
9,Scotland,10,"Scotland | History, Capital, Map, Flag, Population, & Facts | Britannica",https://www.britannica.com/place/Scotland,2025-11-16T03:17:06Z
9,Scotland,11,"Welcome to Scotland, CT!",https://www.scotlandct.org/,2025-11-16T03:17:06Z
9,Scotland,12,National Records of Scotland (NRS),https://www.nrscotland.gov.uk/,2025-11-16T03:17:06Z
9,Scotland,13,Traffic Scotland | Trunk road traffic updates & route planner,https://www.traffic.gov.scot/,2025-11-16T03:17:06Z
9,Scotland,14,National Museums Scotland: Home,https://www.nms.ac.uk/,2025-11-16T03:17:06Z
9,Scotland,15,Student Awards Agency Scotland - SAAS - Funding Your Future,https://www.saas.gov.uk/,2025-11-16T03:17:06Z
9,Scotland,16,"SARS-CoV-2 Delta VOC in Scotland: demographics, risk of hospital ...",https://www.thelancet.com/article/S0140-6736(21)01358-1/fulltext,2025-11-16T03:17:06Z
9,Scotland,17,UWS | University of the West of Scotland,https://www.uws.ac.uk/,2025-11-16T03:17:06Z
9,Scotland,18,Police Scotland,https://www.scotland.police.uk/,2025-11-16T03:17:06Z
9,Scotland,19,Public Contracts Scotland: Home,https://www.publiccontractsscotland.gov.uk/,2025-11-16T03:17:06Z
9,Scotland,20,"Citizens Advice Scotland: Free, impartial and confidential advice for ...",https://www.cas.org.uk/,2025-11-16T03:17:06Z
10,Belarus,1,Belarus - Wikipedia,https://en.wikipedia.org/wiki/Belarus,2025-11-16T03:17:10Z
10,Belarus,2,Belarus Travel Advisory,https://travel.state.gov/content/travel/en/traveladvisories/traveladvisories/belarus-travel-advisory.html,2025-11-16T03:17:10Z
10,Belarus,3,"Belarus.by: Official website, Belarus",https://www.belarus.by/en/,2025-11-16T03:17:10Z
10,Belarus,4,Belarus Sanctions | Office of Foreign Assets Control,https://ofac.treasury.gov/sanctions-programs-and-country-information/belarus-sanctions,2025-11-16T03:17:10Z
10,Belarus,5,Belarus travel advice - GOV.UK,https://www.gov.uk/foreign-travel-advice/belarus,2025-11-16T03:17:10Z
10,Belarus,6,"Belarus | History, Flag, Map, Population, Capital, Language, & Facts ...",https://www.britannica.com/place/Belarus,2025-11-16T03:17:10Z
10,Belarus,7,Belarus country profile - BBC News,https://www.bbc.com/news/world-europe-17941131,2025-11-16T03:17:10Z
10,Belarus,8,Travel advice and advisories for Belarus,https://travel.gc.ca/destinations/belarus,2025-11-16T03:17:10Z
10,Belarus,9,Belarus | Data,https://data.worldbank.org/country/belarus,2025-11-16T03:17:10Z
10,Belarus,10,Belarus | World Prison Brief,https://www.prisonstudies.org/country/belarus,2025-11-16T03:17:10Z
10,Belarus,11,Belarus Travel Advice & Safety | Smartraveller,https://www.smartraveller.gov.au/destinations/europe/belarus,2025-11-16T03:17:10Z
10,Belarus,12,Exclusive: Belarus makes overture to EU countries after ...,https://www.reuters.com/world/europe/belarus-makes-overture-eu-countries-after-rapprochement-with-us-2025-10-17/,2025-11-16T03:17:10Z
10,Belarus,13,Nuclear Power in Belarus - World Nuclear Association,https://world-nuclear.org/information-library/country-profiles/countries-a-f/belarus,2025-11-16T03:17:10Z
10,Belarus,14,Belarus | RSF,https://rsf.org/en/country/belarus,2025-11-16T03:17:10Z
10,Belarus,15,Human rights in Belarus Amnesty International,https://www.amnesty.org/en/location/europe-and-central-asia/eastern-europe-and-central-asia/belarus/,2025-11-16T03:17:10Z
10,Belarus,16,Canadian Sanctions Related to Belarus,https://www.international.gc.ca/world-monde/international_relations-relations_internationales/sanctions/belarus.aspx?lang=eng,2025-11-16T03:17:10Z
10,Belarus,17,EU sanctions against Belarus - Consilium,https://www.consilium.europa.eu/en/policies/sanctions-against-belarus/,2025-11-16T03:17:10Z
10,Belarus,18,2024 Country Reports on Human Rights Practices: Belarus,https://www.state.gov/reports/2024-country-reports-on-human-rights-practices/belarus,2025-11-16T03:17:10Z
10,Belarus,19,Belarus- Tax treaty documents | Internal Revenue Service,https://www.irs.gov/businesses/international-businesses/belarus-tax-treaty-documents,2025-11-16T03:17:10Z
10,Belarus,20,Accession status: Belarus - WTO,https://www.wto.org/english/thewto_e/acc_e/a1_belarus_e.htm,2025-11-16T03:17:10Z
11,Craig Gordon,1,Craig Gordon - Wikipedia,https://en.wikipedia.org/wiki/Craig_Gordon,2025-11-16T03:17:14Z
11,Craig Gordon,2,Craig Gordon (@craig_gordon1) ‚Ä¢ Instagram photos and videos,https://www.instagram.com/craig_gordon1/?hl=en,2025-11-16T03:17:14Z
11,Craig Gordon,3,"Craig Gordon, MD, MS | Tufts Medicine",https://www.tuftsmedicine.org/doctor/craig-gordon,2025-11-16T03:17:14Z
11,Craig Gordon,4,Craig Gordon (@most_og) ‚Ä¢ Instagram photos and videos,https://www.instagram.com/most_og/?hl=en,2025-11-16T03:17:14Z
11,Craig Gordon,5,"Craig Gordon, RN | Cancer: Nurse Navigator | Waukesha, WI ...",https://www.prohealthcare.org/find-a-provider/profile/gordon-craig/,2025-11-16T03:17:14Z
11,Craig Gordon,6,Craig Gordon - Player profile 25/26 | Transfermarkt,https://www.transfermarkt.com/craig-gordon/profil/spieler/12589,2025-11-16T03:17:14Z
11,Craig Gordon,7,Staff - Utah Avalanche Center,https://utahavalanchecenter.org/about/staff,2025-11-16T03:17:14Z
11,Craig Gordon,8,A unified Craig-Gordon isotope model of stable hydrogen and ...,https://www.sciencedirect.com/science/article/pii/S0016703718302916,2025-11-16T03:17:14Z
11,Craig Gordon,9,Craig‚ÄìGordon model validation using stable isotope ratios in ... - ACP,https://acp.copernicus.org/articles/20/11435/2020/,2025-11-16T03:17:14Z
11,Craig Gordon,10,Craig Gordon : r/ScottishFootball,https://www.reddit.com/r/ScottishFootball/comments/grq4cm/craig_gordon/,2025-11-16T03:17:14Z
11,Craig Gordon,11,HAVE YOU GOT IT IN 'THE DOG?': A chat with MTB legend former ...,https://mindmatterscoach.com/podcastandblog/2021/3/11/have-you-got-it-in-the-dog-a-chat-with-mtb-legend-former-24hr-world-champion-craig-gordo-gordon,2025-11-16T03:17:14Z
11,Craig Gordon,12,Representative J. Craig Gordon,https://www.house.ga.gov/Representatives/en-US/member.aspx?Member=113&Member=113,2025-11-16T03:17:14Z
11,Craig Gordon,13,Craig Gordon Tattoos,https://www.facebook.com/Craiggordontattoos/,2025-11-16T03:17:14Z
11,Craig Gordon,14,"Dr. Craig J Gordon, DO - Farmington Hills, MI - Medical Oncology",https://providers.corewellhealth.org/provider/craig-j-gordon/3191724,2025-11-16T03:17:14Z
11,Craig Gordon,15,"Craig Gordon - Senior Editor, Americas News Desk at Bloomberg ...",https://www.linkedin.com/in/craig-gordon-b66939137,2025-11-16T03:17:14Z
11,Craig Gordon,16,Craig Gordon (@dcraiggordon) / Posts / X,https://x.com/dcraiggordon,2025-11-16T03:17:14Z
11,Craig Gordon,17,Craig Gordon - Player profile 25/26 | Transfermarkt,https://www.transfermarkt.co.uk/craig-gordon/profil/spieler/12589,2025-11-16T03:17:14Z
11,Craig Gordon,18,Q& A with Craig Gordon,https://www.cityweekly.net/news/q-a-with-craig-gordon-3227805,2025-11-16T03:17:14Z
11,Craig Gordon,19,Craig Gordon - Bloomberg,https://bloomberg.com/authors/ARaeqFGiHsM/craig-gordon,2025-11-16T03:17:14Z
11,Craig Gordon,20,Craig Gordon: Helping Others Understand the Danger - Ski Utah,https://www.skiutah.com/blog/authors/tom-kelly/craig-gordon-helping-others/,2025-11-16T03:17:14Z
12,Che Adams,1,Ch√© Adams - Wikipedia,https://en.wikipedia.org/wiki/Ch%C3%A9_Adams,2025-11-16T03:17:19Z
12,Che Adams,2,Ch√© Adams - Torino Forward - ESPN,https://www.espn.com/soccer/player/_/id/213725/che-adams,2025-11-16T03:17:19Z
12,Che Adams,3,Ch√© Adams (@CheAdams_) / Posts / X,https://x.com/CheAdams_,2025-11-16T03:17:19Z
12,Che Adams,4,"FC Torino fan here, what can I expect from Che Adams? : r/SaintsFC",https://www.reddit.com/r/SaintsFC/comments/1etlnbo/fc_torino_fan_here_what_can_i_expect_from_che/,2025-11-16T03:17:19Z
12,Che Adams,5,Ch√© Adams - Player profile 25/26 | Transfermarkt,https://www.transfermarkt.us/che-adams/profil/spieler/346779,2025-11-16T03:17:19Z
12,Che Adams,6,Ch√© Adams - Player profile 25/26 | Transfermarkt,https://www.transfermarkt.co.uk/che-adams/profil/spieler/346779,2025-11-16T03:17:19Z
12,Che Adams,7,Che Adams: Torino and Scotland striker has no regrets after leaving ...,https://www.bbc.com/sport/football/articles/c0r857n877xo,2025-11-16T03:17:19Z
12,Che Adams,8,Che Adams 25/26 Season Stats - Torino | LiveScore,https://www.livescore.com/en/season-stats/che-adams/31870/,2025-11-16T03:17:19Z
12,Che Adams,9,"Ch√© Adams on Instagram: ""We knew we had to dig deep and we did ...",https://www.instagram.com/p/DOYQS9MDIV2/?hl=en,2025-11-16T03:17:19Z
12,Che Adams,10,Everton exploring loan-to-buy deal for Southampton striker Che ...,https://www.nytimes.com/athletic/3495120/2022/08/10/southampton-che-adams-everton/,2025-11-16T03:17:19Z
12,Che Adams,11,Che Adams backs booing Scotland fans in World Cup qualifer win ...,https://www.espn.co.uk/football/story/_/id/46583285/che-adams-backs-booing-scotland-fans-world-cup-qualifer-win,2025-11-16T03:17:19Z
12,Che Adams,12,Che Adams tailor-made for Bielsa's Leeds and open to the move ...,https://www.nytimes.com/athletic/1526614/2020/01/12/che-adams-southampton-leeds-transfer/,2025-11-16T03:17:19Z
12,Che Adams,13,Southampton sign Che Adams from Birmingham to boost strikeforce ...,https://www.theguardian.com/football/2019/jul/01/marko-grujic-hertha-berlin-liverpool-football-transfers-latest,2025-11-16T03:17:19Z
12,Che Adams,14,Che Adams (Torino) Stats - Flashscore.com,https://www.flashscore.com/player/adams-che/4C0YmOaJ/,2025-11-16T03:17:19Z
12,Che Adams,15,Ch√© Adams - Player profile 25/26 | Transfermarkt,https://www.transfermarkt.com/che-adams/profil/spieler/346779,2025-11-16T03:17:19Z
12,Che Adams,16,Che Adams: 'In non-league it's just a question of how hard you're ...,https://www.theguardian.com/football/2019/jul/17/che-adams-interview-southampton-non-league-thurnby-lodge,2025-11-16T03:17:19Z
12,Che Adams,17,Che Adams: Southampton striker to miss Premier League game ...,https://www.skysports.com/football/news/11700/12433652/che-adams-southampton-striker-to-miss-premier-league-game-against-leeds-ralph-hasenhuttl-confirms,2025-11-16T03:17:19Z
12,Che Adams,18,Soccer AM - You have to admire the optimism from Che Adams! It's ...,https://www.facebook.com/SoccerAM/photos/you-have-to-admire-the-optimism-from-che-adams-its-10001-if-you-fancy-a-punt-/2583532675003684/,2025-11-16T03:17:19Z
12,Che Adams,19,"Che Adams Stats, Goals, Records, Assists, Cups and more | FBref.com",https://fbref.com/en/players/f2bf1b0f/Che-Adams,2025-11-16T03:17:19Z
12,Che Adams,20,Che Adams | Southampton FC Official Site,https://www.southamptonfc.com/en/news/tag/che-adams,2025-11-16T03:17:19Z
13,Nikita,1,Nikita (TV series) - Wikipedia,https://en.wikipedia.org/wiki/Nikita_(TV_series),2025-11-16T03:17:23Z
13,Nikita,2,Nikita (TV Series 2010‚Äì2013) - IMDb,https://www.imdb.com/title/tt1592154/,2025-11-16T03:17:23Z
13,Nikita,3,Nikita Gill (@nikita_gill) ‚Ä¢ Instagram photos and videos,https://www.instagram.com/nikita_gill/?hl=en,2025-11-16T03:17:23Z
13,Nikita,4,Nikita Clothing,https://nikitaclothing.com/,2025-11-16T03:17:23Z
13,Nikita,5,Nikita Buyanov (@nikgeneburn) / Posts / X,https://x.com/nikgeneburn?lang=en,2025-11-16T03:17:23Z
13,Nikita,6,Nikita Dragun - YouTube,https://www.youtube.com/channel/UCNBvzAJI3N92Sgl0guRxSxQ,2025-11-16T03:17:23Z
13,Nikita,7,Nikita S (@singareddynm) / Posts / X,https://x.com/singareddynm?lang=en,2025-11-16T03:17:23Z
13,Nikita,8,Nikita Cosplay,https://www.facebook.com/Nikitacosplay/,2025-11-16T03:17:23Z
13,Nikita,9,Nikita Maxi II ‚Äì Hanifa,https://hanifa.co/products/nikita-maxi-ii,2025-11-16T03:17:23Z
13,Nikita,10,New Additions: Nikita Gale | Studio Museum in Harlem,https://www.studiomuseum.org/magazine/new-additions-nikita-gale,2025-11-16T03:17:23Z
13,Nikita,11,"Stream Nikita, the Wicked music | Listen to songs, albums, playlists ...",https://soundcloud.com/nikitathewicked,2025-11-16T03:17:23Z
13,Nikita,12,Nikita | Rotten Tomatoes,https://www.rottentomatoes.com/m/la_femme_nikita,2025-11-16T03:17:23Z
13,Nikita,13,How good was Nikita Gusev? : r/devils,https://www.reddit.com/r/devils/comments/1fb2kpe/how_good_was_nikita_gusev/,2025-11-16T03:17:23Z
13,Nikita,14,"Nikita Sood, MD (She/Her) | OB/GYN Residency | Medical School ...",https://obgynresidency.med.brown.edu/people/nikita-sood-md-sheher,2025-11-16T03:17:23Z
13,Nikita,15,About - Nikita Coulombe,https://www.nikitacoulombe.com/about,2025-11-16T03:17:23Z
13,Nikita,16,"Obituary | Nikita Amerie Dillon of Rapid City, South Dakota | Kirk ...",https://www.kirkfuneralhome.com/obituary/nikita-dillon,2025-11-16T03:17:23Z
13,Nikita,17,Nikita Lalwani | Jenner & Block LLP | Law Firm,https://www.jenner.com/en/people/nikita-lalwani,2025-11-16T03:17:23Z
13,Nikita,18,Nikita Khandwala - Japan | Professional Profile | LinkedIn,https://uk.linkedin.com/in/nikita-khandwala,2025-11-16T03:17:23Z
13,Nikita,19,Nikita A. Patel - Professionals - Proskauer Rose LLP,https://www.proskauer.com/professionals/nikita-patel,2025-11-16T03:17:23Z
13,Nikita,20,Nikita Aggarwal,https://people.miami.edu/profile/d46ba9da719bc2a209fd7e9c9e31bad9,2025-11-16T03:17:23Z
14,World Cup,1,FIFA World Cup 26‚Ñ¢,https://www.fifa.com/en/tournaments/mens/worldcup/canadamexicousa2026,2025-11-16T03:17:28Z
14,World Cup,2,FIFA World Cup - Wikipedia,https://en.wikipedia.org/wiki/FIFA_World_Cup,2025-11-16T03:17:28Z
14,World Cup,3,FIFA World Cup Qatar 2022‚Ñ¢,https://www.fifa.com/en/tournaments/mens/worldcup/qatar2022,2025-11-16T03:17:28Z
14,World Cup,4,Home | Women's and Men's Rugby World Cup,https://www.rugbyworldcup.com/,2025-11-16T03:17:28Z
14,World Cup,5,FIFA World Cup (@fifaworldcup) ‚Ä¢ Instagram photos and videos,https://www.instagram.com/fifaworldcup/?hl=en,2025-11-16T03:17:28Z
14,World Cup,6,"Home | ICC Women's Cricket World Cup, 2025 | ICC",https://www.icc-cricket.com/tournaments/womens-cricket-worldcup-2025,2025-11-16T03:17:28Z
14,World Cup,7,FIBA Basketball World Cup 2023 | FIBA Basketball Events,https://www.fiba.basketball/en/history/201-fiba-basketball-world-cup/208182,2025-11-16T03:17:28Z
14,World Cup,8,Homeless World Cup,https://www.homelessworldcup.org/,2025-11-16T03:17:28Z
14,World Cup,9,World Cup Coffee | Office Coffee Service & Coffee Roasters in ...,https://worldcupcoffee.com/,2025-11-16T03:17:28Z
14,World Cup,10,FIFA World Cup,https://www.facebook.com/fifaworldcup/,2025-11-16T03:17:28Z
14,World Cup,11,"World Cup | Football, Soccer, History, & Winners | Britannica",https://www.britannica.com/sports/World-Cup-football,2025-11-16T03:17:28Z
14,World Cup,12,Saudi Arabia FIFA World Cup 2034‚Ñ¢,https://saudi2034.com.sa/,2025-11-16T03:17:28Z
14,World Cup,13,"FIFA World Cup News, Stats, Scores - ESPN",https://www.espn.com/soccer/league/_/name/fifa.world,2025-11-16T03:17:28Z
14,World Cup,14,FIFA World Cup 26‚Ñ¢ Kansas City: Home,https://kansascityfwc26.com/,2025-11-16T03:17:28Z
14,World Cup,15,2026 FIS Cross-Country World Cup Finals - Mt Van Hoevenberg,https://mtvanhoevenberg.com/xcworldcupfinals/,2025-11-16T03:17:28Z
14,World Cup,16,Startup World Cup: Home,https://www.startupworldcup.io/,2025-11-16T03:17:28Z
14,World Cup,17,FIS Freestyle Aerials World Cup - Olympic Jumping Complex,https://olympicjumpingcomplex.com/freestyle-aerials-word-cup/,2025-11-16T03:17:28Z
14,World Cup,18,ISU World Cup Speed Skating 2025 | Utah Olympic Legacy ...,https://utaholympiclegacy.org/event/isu-world-cup-speed-skating-2025/,2025-11-16T03:17:28Z
14,World Cup,19,Alpine Skiing Hub - FIS,https://www.fis-ski.com/alpine-skiing,2025-11-16T03:17:28Z
14,World Cup,20,Official FIFA World Cup 26 Tickets & Hospitality | On Location,https://fifaworldcup26.hospitality.fifa.com/en,2025-11-16T03:17:28Z
15,Greece,1,Greece - Wikipedia,https://en.wikipedia.org/wiki/Greece,2025-11-16T03:17:32Z
15,Greece,2,Visit Greece,https://www.visitgreece.gr/,2025-11-16T03:17:32Z
15,Greece,3,"Greece | Islands, Cities, Language, & History | Britannica",https://www.britannica.com/place/Greece,2025-11-16T03:17:32Z
15,Greece,4,Greece,https://www.fatf-gafi.org/en/countries/detail/Greece.html,2025-11-16T03:17:32Z
15,Greece,5,Greece Central School District / Homepage,https://www.greececsd.org/,2025-11-16T03:17:32Z
15,Greece,6,"Home | Town of Greece, NY",https://greeceny.gov/,2025-11-16T03:17:32Z
15,Greece,7,Greece | The Guardian,https://www.theguardian.com/world/greece,2025-11-16T03:17:32Z
15,Greece,8,Greece | Country Page | World | Human Rights Watch,https://www.hrw.org/europe/central-asia/greece,2025-11-16T03:17:32Z
15,Greece,9,Hellenic Republic - Greece in the USA,https://www.mfa.gr/usa/en/,2025-11-16T03:17:32Z
15,Greece,10,Greece | RSF,https://rsf.org/en/country/greece,2025-11-16T03:17:32Z
15,Greece,11,Greece | The IRC,https://www.rescue.org/country/greece,2025-11-16T03:17:32Z
15,Greece,12,Greece ‚Äì EU country profile | European Union,https://european-union.europa.eu/principles-countries-history/eu-countries/greece_en,2025-11-16T03:17:32Z
15,Greece,13,Greece,https://www.ebrd.com/home/what-we-do/where-we-invest/greece.html,2025-11-16T03:17:32Z
15,Greece,14,Totalization Agreement with Greece | International Programs | SSA,https://www.ssa.gov/international/Agreement_Pamphlets/greece.html,2025-11-16T03:17:32Z
15,Greece,15,Greece,https://data.unhcr.org/en/situations/europe-sea-arrivals/location/24489,2025-11-16T03:17:32Z
15,Greece,16,2024 Country Reports on Human Rights Practices: Greece,https://www.state.gov/reports/2024-country-reports-on-human-rights-practices/greece,2025-11-16T03:17:32Z
15,Greece,17,Greece - The World Factbook,https://www.cia.gov/the-world-factbook/countries/greece/,2025-11-16T03:17:32Z
15,Greece,18,Join myself and my wife Brenda on an amazing trip to Greece. If it is ...,https://www.facebook.com/ScottSavilleKCRG/posts/join-myself-and-my-wife-brenda-on-an-amazing-trip-to-greece-if-it-is-anything-li/1177225570880192/,2025-11-16T03:17:32Z
15,Greece,19,"Greece Vacation: Athens, Santorini & Crete | Adventures by Disney",https://www.adventuresbydisney.com/destinations/europe/greece-vacations/,2025-11-16T03:17:32Z
15,Greece,20,Greece International Travel Information,https://travel.state.gov/content/travel/en/international-travel/International-Travel-Country-Information-Pages/Greece.html,2025-11-16T03:17:32Z
16,Storm Claudia,1,List of storms named Claudia - Wikipedia,https://en.wikipedia.org/wiki/List_of_storms_named_Claudia,2025-11-16T03:17:36Z
16,Storm Claudia,2,Storm Claudia: Disruption after flooding causes major incident,https://www.bbc.com/news/articles/c4gw5xxej04o,2025-11-16T03:17:36Z
16,Storm Claudia,3,Storm Claudia : r/Dublin,https://www.reddit.com/r/Dublin/comments/1owr97y/storm_claudia/,2025-11-16T03:17:36Z
16,Storm Claudia,4,Obituary information for Claudia Marie (Turco) Storm,https://www.sheehanhilbornbreen.com/obituaries/Claudia-Marie-Turco-Storm?obId=34294843,2025-11-16T03:17:36Z
16,Storm Claudia,5,What's your plan for Storm Claudia? : r/UKWeather,https://www.reddit.com/r/UKWeather/comments/1owqv5o/whats_your_plan_for_storm_claudia/,2025-11-16T03:17:36Z
16,Storm Claudia,6,Storm Claudia: Arctic winds to bring snow and -7C temperatures ...,https://www.theguardian.com/uk-news/2025/nov/15/maybe-storm-claudia-england-weather-major-incident-flooding,2025-11-16T03:17:36Z
16,Storm Claudia,7,"Storm Claudia kills three in Portugal, causes flooding in Britain ...",https://www.reuters.com/business/environment/storm-claudia-kills-three-portugal-causes-flooding-britain-2025-11-15/,2025-11-16T03:17:36Z
16,Storm Claudia,8,Improving picture but further flooding impacts expected in England ...,https://www.gov.uk/government/news/further-flooding-in-england-likely-from-storm-claudia,2025-11-16T03:17:36Z
16,Storm Claudia,9,Weather warnings as Spain's Storm Claudia reaches UK on Friday ...,https://www.theguardian.com/uk-news/2025/nov/13/weather-warnings-storm-claudia-flood-rain-wind,2025-11-16T03:17:36Z
16,Storm Claudia,10,Storm Claudia: Disruption after flooding causes major incident - BBC ...,https://www.bbc.co.uk/news/articles/c4gw5xxej04o,2025-11-16T03:17:36Z
16,Storm Claudia,11,Storm Claudia Updates - Monmouthshire,https://www.monmouthshire.gov.uk/storm-claudia/,2025-11-16T03:17:36Z
16,Storm Claudia,12,"Storm Claudia floods town of Monmouth in Wales, after killing three ...",https://www.abc.net.au/news/2025-11-16/storm-claudia-floods-in-wales-portugal/106014746,2025-11-16T03:17:36Z
16,Storm Claudia,13,'Do not travel' warning issued for rail passengers as Storm Claudia ...,https://www.the-independent.com/travel/news-and-advice/storm-claudia-train-cancellations-delays-b2865184.html,2025-11-16T03:17:36Z
16,Storm Claudia,14,Storm Claudia - Tram and Bus Disruption | Bee Network | Powered ...,https://tfgm.com/storm-claudia,2025-11-16T03:17:36Z
16,Storm Claudia,15,Heavy rain affecting Ireland on Friday 14th November 2025 ...,https://www.met.ie/meteorologists-commentary/heavy-rain-affecting-ireland-on-friday-14th-november-2025-associated-with-storm-claudia/,2025-11-16T03:17:36Z
16,Storm Claudia,16,Storm Claudia map: Where 150mm of rain could fall today as flood ...,https://www.the-independent.com/news/uk/home-news/storm-claudia-map-uk-weather-warnings-b2865146.html,2025-11-16T03:17:36Z
16,Storm Claudia,17,"Storm Claudia, named by the Spanish Met Service, will affect the UK ...",https://www.facebook.com/metoffice/posts/storm-claudia-named-by-the-spanish-met-service-will-affect-the-uk-on-friday-heav/1266216802207048/,2025-11-16T03:17:36Z
16,Storm Claudia,18,Storm Claudia to bring heavy and disruptive rain for many - Met Office,https://www.metoffice.gov.uk/about-us/news-and-media/media-centre/weather-and-climate-news/2025/storm-claudia-to-bring-heavy-and-disruptive-rain-for-many,2025-11-16T03:17:36Z
16,Storm Claudia,19,Storm Claudia live: Cold weather alert issued as more than 100 ...,https://www.the-independent.com/news/uk/home-news/storm-claudia-uk-weather-warnings-flooding-latest-b2864920.html,2025-11-16T03:17:36Z
16,Storm Claudia,20,Portugal remains on alert as Storm Claudia moves towards UK ...,https://www.euronews.com/2025/11/14/portugal-remains-on-alert-as-storm-claudia-moves-towards-uk,2025-11-16T03:17:36Z
17,Adam Azim,1,Adam Azim - BoxRec,https://boxrec.com/en/box-pro/978312,2025-11-16T03:17:41Z
17,Adam Azim,2,Adam Azim - Wikipedia,https://en.wikipedia.org/wiki/Adam_Azim,2025-11-16T03:17:41Z
17,Adam Azim,3,Adam Azim - BoxRec,https://boxrec.com/en/box-am/978312,2025-11-16T03:17:41Z
17,Adam Azim,4,Adam Azim (@adam.azim1) ‚Ä¢ Instagram photos and videos,https://www.instagram.com/adam.azim1/?hl=en,2025-11-16T03:17:41Z
17,Adam Azim,5,[SPOILER] Adam Azim vs. Kurt Scoby : r/Boxing,https://www.reddit.com/r/Boxing/comments/1oy1tdw/spoiler_adam_azim_vs_kurt_scoby/,2025-11-16T03:17:41Z
17,Adam Azim,6,"Adam Azim on Instagram: ""04/07/25 ~ half of my deen completed ...",https://www.instagram.com/p/DLx44wQIXT5/?hl=en,2025-11-16T03:17:41Z
17,Adam Azim,7,"Adam Azim (""The Assassin"") | Boxer Page | Tapology",https://www.tapology.com/fightcenter/fighters/278208-adam-azim,2025-11-16T03:17:41Z
17,Adam Azim,8,"Zaur Abdullaev withdraws, Adam Azim to remain on Eubank-Benn ...",https://ringmagazine.com/en/news/zaur-abdullaev-withdraws-from-adam-azim-fight-azim-to-remain-on-eubank-benn-card-1,2025-11-16T03:17:41Z
17,Adam Azim,9,Adam Azim (@adamsuperkid) / Posts / X,https://x.com/adamsuperkid?lang=en,2025-11-16T03:17:41Z
17,Adam Azim,10,Adam Azim's secret? Family connection and an 'untouchable' bond ...,https://www.espn.com/boxing/story/_/id/46915976/adam-azim-boxing-secret-shane-mcguigan-family-bond,2025-11-16T03:17:41Z
17,Adam Azim,11,Adam Azim on X,https://x.com/adamsuperkid/status/1971310508537151513,2025-11-16T03:17:41Z
17,Adam Azim,12,Adam Azim eyes all-British world title clash ahead of Eubank Jr ...,https://www.dazn.com/en-US/news/boxing/adam-azim-eyes-dalton-smith-all-british-world-title-clash/12u8tyuzye65z1oafdttir1g4s,2025-11-16T03:17:41Z
17,Adam Azim,13,Boxing: Adam Azim signs contract extension with Ben Shalom's ...,https://www.bbc.com/sport/boxing/articles/ce845yygjn9o,2025-11-16T03:17:41Z
17,Adam Azim,14,Adam Azim on X,https://x.com/adamsuperkid/status/1960465661450178751,2025-11-16T03:17:41Z
17,Adam Azim,15,"Adam Azim vs Sergey Lipinets - 1 Feb 2025, OVO Arena Wembley ...",https://www.boxxer.com/events/adam-azim-vs-sergey-lipinets-1-feb-2025-ovo-arena-wembley/,2025-11-16T03:17:41Z
17,Adam Azim,16,Adam Azim on X,https://x.com/adamsuperkid/status/1925539275082264666,2025-11-16T03:17:41Z
17,Adam Azim,17,Who should Adam Azim fight next?,https://www.facebook.com/skysportsboxing/posts/who-should-adam-azim-fight-next-/1026714636167765/,2025-11-16T03:17:41Z
17,Adam Azim,18,Adam Azim on X,https://x.com/adamsuperkid/status/1730753357973721124?lang=en,2025-11-16T03:17:41Z
17,Adam Azim,19,"Adam Azim - News, Record & Stats, Next Fight & Tickets",https://box.live/boxers/adam-azim/,2025-11-16T03:17:41Z
17,Adam Azim,20,Adam Azim impresses with dominant 12th round stoppage of Kurt ...,https://www.boxingscene.com/articles/adam-azim-impresses-with-dominant-12th-round-stoppage-of-kurt-scoby,2025-11-16T03:17:41Z
18,Trigger,1,Watch Trigger | Netflix Official Site,https://www.netflix.com/title/81696655,2025-11-16T03:17:45Z
18,Trigger,2,Trigger XR - The World's Most Experienced XR Developer and Agency,https://www.triggerxr.com/,2025-11-16T03:17:45Z
18,Trigger,3,TRIGGER Definition & Meaning - Merriam-Webster,https://www.merriam-webster.com/dictionary/trigger,2025-11-16T03:17:45Z
18,Trigger,4,Trigger.dev | Build and deploy fully-managed AI agents and workflows.,https://trigger.dev/,2025-11-16T03:17:45Z
18,Trigger,5,13 States Have Abortion Trigger Bans‚ÄîHere's What Happens When ...,https://www.guttmacher.org/article/2022/06/13-states-have-abortion-trigger-bans-heres-what-happens-when-roe-overturned,2025-11-16T03:17:45Z
18,Trigger,6,Studio Trigger - Wikipedia,https://en.wikipedia.org/wiki/Studio_Trigger,2025-11-16T03:17:45Z
18,Trigger,7,.trigger() | jQuery API Documentation,https://api.jquery.com/trigger/,2025-11-16T03:17:45Z
18,Trigger,8,Trigger Chicago,https://www.triggerchicago.com/,2025-11-16T03:17:45Z
18,Trigger,9,Trigger: The Life of Willie Nelson's Guitar ‚Äì Texas Monthly,https://www.texasmonthly.com/arts-entertainment/trigger/,2025-11-16T03:17:45Z
18,Trigger,10,Set up your Zap trigger ‚Äì Zapier,https://help.zapier.com/hc/en-us/articles/8496288188429-Set-up-your-Zap-trigger,2025-11-16T03:17:45Z
18,Trigger,11,No Trigger,https://www.facebook.com/notrigger/,2025-11-16T03:17:45Z
18,Trigger,12,Why did Chrono Trigger didn't get an anime? : r/chronotrigger,https://www.reddit.com/r/chronotrigger/comments/1i7rccr/why_did_chrono_trigger_didnt_get_an_anime/,2025-11-16T03:17:45Z
18,Trigger,13,MySQL 8.4 Reference Manual :: 27.3.1 Trigger Syntax and Examples,https://dev.mysql.com/doc/refman/8.4/en/trigger-syntax.html,2025-11-16T03:17:45Z
18,Trigger,14,SB 174 Abortion Prohibition Amendments,https://le.utah.gov/~2020/bills/static/sb0174.html,2025-11-16T03:17:45Z
18,Trigger,15,Solved: HubSpot Community - Re: Trigger Workflows on association ...,https://community.hubspot.com/t5/128172-RevOps-Discussions/Trigger-Workflows-on-association-changes/m-p/696796,2025-11-16T03:17:45Z
18,Trigger,16,Timeless: The History of Chrono Trigger | Insert Cartridge,https://medium.com/insert-cartridge/timeless-the-history-of-chrono-trigger-375ce25b481e,2025-11-16T03:17:45Z
18,Trigger,17,Avalanche.org ¬ª Trigger,https://avalanche.org/avalanche-encyclopedia/avalanche/trigger/,2025-11-16T03:17:45Z
18,Trigger,18,No Trigger (@notrigger) ¬∑ Worcester ¬∑ Instagram photos and videos,https://www.instagram.com/notrigger/?hl=en,2025-11-16T03:17:45Z
18,Trigger,19,Noob question about double trigger : r/armoredcore,https://www.reddit.com/r/armoredcore/comments/1jjonqj/noob_question_about_double_trigger/,2025-11-16T03:17:45Z
18,Trigger,20,Trigger database - Anticipation Hub,https://www.anticipation-hub.org/experience/triggers/trigger-database/trigger-list,2025-11-16T03:17:45Z
19,Kirstie,1,Kirstie Alley - Wikipedia,https://en.wikipedia.org/wiki/Kirstie_Alley,2025-11-16T03:17:49Z
19,Kirstie,2,Kirstie Ennis (@kirstie_ennis) ‚Ä¢ Instagram photos and videos,https://www.instagram.com/kirstie_ennis/,2025-11-16T03:17:49Z
19,Kirstie,3,Kirstie (TV series) - Wikipedia,https://en.wikipedia.org/wiki/Kirstie_(TV_series),2025-11-16T03:17:49Z
19,Kirstie,4,Kirstie (TV Series 2013‚Äì2014) - IMDb,https://www.imdb.com/title/tt2520946/,2025-11-16T03:17:49Z
19,Kirstie,5,Kirstie Brittain-McVey (@kirstiebrittain) ‚Ä¢ Instagram photos and videos,https://www.instagram.com/kirstiebrittain/?hl=en,2025-11-16T03:17:49Z
19,Kirstie,6,Kirstie Alley (@kirstiealley) / Posts / X,https://x.com/kirstiealley,2025-11-16T03:17:49Z
19,Kirstie,7,Kirstie Kraus,https://www.facebook.com/kirstiekrausmusic/,2025-11-16T03:17:49Z
19,Kirstie,8,Kirstie Allsopp (@KirstieMAllsopp) / Posts / X,https://x.com/KirstieMAllsopp,2025-11-16T03:17:49Z
19,Kirstie,9,Kirstie Ennis,https://www.facebook.com/kirstieennis2/,2025-11-16T03:17:49Z
19,Kirstie,10,"Dr. Kirstie Carmichael, LCSW, DBH | Deep Eddy Psychotherapy ...",https://deepeddypsychotherapy.com/project/kirstie-carmichael-lcsw/,2025-11-16T03:17:49Z
19,Kirstie,11,Remembering the colorful Kirstie Alley - Island Institute,https://www.islandinstitute.org/working-waterfront/remembering-the-colorful-kirstie-alley/,2025-11-16T03:17:49Z
19,Kirstie,12,Obituary information for Kirstie Edith Triden,https://www.spitzerfuneralhome.com/obituaries/Kirstie-Edith-Triden?obId=1082249,2025-11-16T03:17:49Z
19,Kirstie,13,What was the reaction like when Kirstie Alley joined the cast? : r ...,https://www.reddit.com/r/Cheers/comments/17ymok3/what_was_the_reaction_like_when_kirstie_alley/,2025-11-16T03:17:49Z
19,Kirstie,14,"Kirstie Hettinga, Ph.D. | California Lutheran University",https://www.callutheran.edu/faculty/profile.html?id=khetting,2025-11-16T03:17:49Z
19,Kirstie,15,"[TOS Movies] SlashFilm: ""Kirstie Alley Acted Unprofessionally On ...",https://www.reddit.com/r/trektalk/comments/1db8sya/tos_movies_slashfilm_kirstie_alley_acted/,2025-11-16T03:17:49Z
19,Kirstie,16,Kirstie M. Herb-Neff - Investigator | Geisinger,https://www.geisinger.edu/gchs/research/about-gchs-research/find-an-investigator/2024/05/03/15/02/kirstie-m-herb-neff,2025-11-16T03:17:49Z
19,Kirstie,17,"Cummings, Kirstie, Ph.D. | Neurobiology",https://www.uab.edu/medicine/neurobiology/faculty/cummings,2025-11-16T03:17:49Z
19,Kirstie,18,Kirstie Brenson | ArentFox Schiff,https://www.afslaw.com/attorneys/kirstie-brenson,2025-11-16T03:17:49Z
19,Kirstie,19,"Kirstie R Menard, DO | MaineHealth",https://www.mainehealth.org/providers/kirstie-r-menard-do,2025-11-16T03:17:49Z
19,Kirstie,20,Kirstie Wallace | People | Baker Botts,https://www.bakerbotts.com/people/w/wallace-kirstie,2025-11-16T03:17:49Z
20,Denmark,1,Denmark - Wikipedia,https://en.wikipedia.org/wiki/Denmark,2025-11-16T03:17:54Z
20,Denmark,2,Welcome to the official website of Denmark,https://denmark.dk/,2025-11-16T03:17:54Z
20,Denmark,3,Where is Denmark? Wow...let us fill you in!,https://www.visitdenmark.com/,2025-11-16T03:17:54Z
20,Denmark,4,"Denmark | History, Geography, Map, & Culture | Britannica",https://www.britannica.com/place/Denmark,2025-11-16T03:17:54Z
20,Denmark,5,Denmark Technical College,https://www.denmarktech.edu/,2025-11-16T03:17:54Z
20,Denmark,6,Technical University of Denmark - DTU,https://www.dtu.dk/english/,2025-11-16T03:17:54Z
20,Denmark,7,Village of Denmark,https://denmark-wi.org/,2025-11-16T03:17:54Z
20,Denmark,8,Denmark ‚Äì EU country profile | European Union,https://european-union.europa.eu/principles-countries-history/eu-countries/denmark_en,2025-11-16T03:17:54Z
20,Denmark,9,Ministry of Foreign Affairs of Denmark,https://um.dk/en,2025-11-16T03:17:54Z
20,Denmark,10,"University of Southern Denmark, SDU",https://www.sdu.dk/en,2025-11-16T03:17:54Z
20,Denmark,11,Denmark Joins the List of Countries That Have Sharply Restricted ...,https://segm.org/Denmark-sharply-restricts-youth-gender-transitions,2025-11-16T03:17:54Z
20,Denmark,12,Denmark in the USA,https://usa.um.dk/en,2025-11-16T03:17:54Z
20,Denmark,13,Denmark | International Health Care System Profiles ...,https://www.commonwealthfund.org/international-health-policy-center/countries/denmark,2025-11-16T03:17:54Z
20,Denmark,14,California and Denmark sign new partnership on climate ...,https://www.gov.ca.gov/2025/08/22/california-and-denmark-sign-new-partnership-on-climate-technology-efforts/,2025-11-16T03:17:54Z
20,Denmark,15,Denmark's 40% Increased Pledge to World Bank's IDA,https://www.worldbank.org/en/news/press-release/2024/09/23/-denmark-announces-40-increase-in-pledge-to-world-bank-s-ida,2025-11-16T03:17:54Z
20,Denmark,16,Travel advice and advisories for Denmark,https://travel.gc.ca/destinations/denmark,2025-11-16T03:17:54Z
20,Denmark,17,Denmark | Data,https://data.worldbank.org/country/denmark,2025-11-16T03:17:54Z
20,Denmark,18,Children and Gender Inequality: Evidence from Denmark - American ...,https://www.aeaweb.org/articles?id=10.1257/app.20180010,2025-11-16T03:17:54Z
20,Denmark,19,Denmark - The World Factbook,https://www.cia.gov/the-world-factbook/countries/denmark/,2025-11-16T03:17:54Z
20,Denmark,20,Danish presidency of the Council of the European Union,https://danish-presidency.consilium.europa.eu/,2025-11-16T03:17:54Z
21,England,1,England - Wikipedia,https://en.wikipedia.org/wiki/England,2025-11-16T03:17:58Z
21,England,2,England Rugby,https://www.englandrugby.com/,2025-11-16T03:17:58Z
21,England,3,Arts Council England,https://www.artscouncil.org.uk/,2025-11-16T03:17:58Z
21,England,4,England Football | Home,https://www.englandfootball.com/,2025-11-16T03:17:58Z
21,England,5,"England | History, Map, Flag, Population, Cities, & Facts | Britannica",https://www.britannica.com/place/England,2025-11-16T03:17:58Z
21,England,6,"Search the List ‚Äì Find listed buildings, monuments, battlefields and ...",https://historicengland.org.uk/listing/the-list/,2025-11-16T03:17:58Z
21,England,7,England and Wales Cricket Board (ECB) - The Official Website of the ...,https://www.ecb.co.uk/,2025-11-16T03:17:58Z
21,England,8,Natural England - GOV.UK,https://www.gov.uk/government/organisations/natural-england,2025-11-16T03:17:58Z
21,England,9,Bank of England: Home,https://www.bankofengland.co.uk/,2025-11-16T03:17:58Z
21,England,10,"The website for the English Football Association, Emirates FA Cup ...",https://www.thefa.com/,2025-11-16T03:17:58Z
21,England,11,C.R. England Trucking,https://www.crengland.com/,2025-11-16T03:17:58Z
21,England,12,England Furniture,https://www.englandfurniture.com/,2025-11-16T03:17:58Z
21,England,13,England - YouTube,https://www.youtube.com/@england,2025-11-16T03:17:58Z
21,England,14,The Church of England: Home,https://www.churchofengland.org/,2025-11-16T03:17:58Z
21,England,15,England Short Break & Trip Itineraries Ideas from VisitEngland,https://www.visitengland.com/,2025-11-16T03:17:58Z
21,England,16,Sport England: Home | Uniting | The | Movement,https://www.sportengland.org/,2025-11-16T03:17:58Z
21,England,17,TASIS - The American International School in England - IB School,https://www.tasisengland.org/,2025-11-16T03:17:58Z
21,England,18,New England Aquarium in Boston - Protecting Animals & the Ocean,https://www.neaq.org/,2025-11-16T03:17:58Z
21,England,19,Genomics England: Homepage,https://www.genomicsengland.co.uk/,2025-11-16T03:17:58Z
21,England,20,"England Scores, Stats and Highlights - ESPN",https://www.espn.com/soccer/team/_/id/448/england,2025-11-16T03:17:58Z
22,Bill Clinton,1,Bill Clinton - Wikipedia,https://en.wikipedia.org/wiki/Bill_Clinton,2025-11-16T03:18:02Z
22,Bill Clinton,2,Bill Clinton (@BillClinton) / Posts / X,https://x.com/BillClinton,2025-11-16T03:18:02Z
22,Bill Clinton,3,Homepage | William J. Clinton Presidential Library and Museum,https://www.clintonlibrary.gov/home,2025-11-16T03:18:02Z
22,Bill Clinton,4,Clinton Foundation: Home,https://www.clintonfoundation.org/,2025-11-16T03:18:02Z
22,Bill Clinton,5,Clinton Biographies | William J. Clinton Presidential Library and ...,https://www.clintonlibrary.gov/research/clinton-biographies,2025-11-16T03:18:02Z
22,Bill Clinton,6,"For 50 years, you have kept me thinking, laughing, and growing ...",https://www.facebook.com/billclinton/posts/for-50-years-you-have-kept-me-thinking-laughing-and-growing-you-inspire-me-every/1373006050847988/,2025-11-16T03:18:02Z
22,Bill Clinton,7,William J. Clinton - White House Historical Association,https://www.whitehousehistory.org/bios/william-clinton,2025-11-16T03:18:02Z
22,Bill Clinton,8,My statement on the ceasefire between Israel and Hamas:,https://www.facebook.com/billclinton/posts/1375070267308233/,2025-11-16T03:18:02Z
22,Bill Clinton,9,President Clinton's 1996 State of the Union Address as delivered,https://clintonwhitehouse4.archives.gov/WH/New/other/sotu.html,2025-11-16T03:18:02Z
22,Bill Clinton,10,The Clinton Presidency: Expanding Education Opportunity,https://clintonwhitehouse5.archives.gov/WH/Accomplishments/eightyears-05.html,2025-11-16T03:18:02Z
22,Bill Clinton,11,"Bill Clinton - Presidency, Age & Facts",https://www.biography.com/political-figures/bill-clinton,2025-11-16T03:18:02Z
22,Bill Clinton,12,"Bill Clinton | Biography, Presidency, Impeachment, & Facts | Britannica",https://www.britannica.com/biography/Bill-Clinton,2025-11-16T03:18:02Z
22,Bill Clinton,13,Address Before a Joint Session of the Congress on the State of the ...,https://www.presidency.ucsb.edu/documents/address-before-joint-session-the-congress-the-state-the-union-11,2025-11-16T03:18:02Z
22,Bill Clinton,14,Presidential Approval Ratings -- Bill Clinton | Gallup Historical Trends,https://news.gallup.com/poll/116584/presidential-approval-ratings-bill-clinton.aspx,2025-11-16T03:18:02Z
22,Bill Clinton,15,First Inaugural Address of William J. Clinton - The Avalon Project,https://avalon.law.yale.edu/20th_century/clinton1.asp,2025-11-16T03:18:02Z
22,Bill Clinton,16,"Remarks at Vietnam National University in Hanoi, Vietnam | The ...",https://www.presidency.ucsb.edu/documents/remarks-vietnam-national-university-hanoi-vietnam,2025-11-16T03:18:02Z
22,Bill Clinton,17,William J. Clinton | National Portrait Gallery,https://npg.si.edu/learn/access-programs/verbal-description-tours/william-j-clinton,2025-11-16T03:18:02Z
22,Bill Clinton,18,William Jefferson Clinton - National Governors Association,https://www.nga.org/governor/william-jefferson-clinton/,2025-11-16T03:18:02Z
22,Bill Clinton,19,"Bill Clinton on X: ""Jackie Avant was a wonderful woman, a great ...",https://twitter.com/billclinton/status/1466132862164480001,2025-11-16T03:18:02Z
22,Bill Clinton,20,Articles of Impeachment Against William Jefferson Clinton,https://www.congress.gov/105/bills/hres611/BILLS-105hres611enr.pdf,2025-11-16T03:18:02Z
23,Catterall,1,Jack Catterall - BoxRec,https://boxrec.com/en/box-pro/623843,2025-11-16T03:18:07Z
23,Catterall,2,Jack Catterall - Wikipedia,https://en.wikipedia.org/wiki/Jack_Catterall,2025-11-16T03:18:07Z
23,Catterall,3,JAKE CATTERALL | Runner (@jakecatterall) ‚Ä¢ Instagram photos and ...,https://www.instagram.com/jakecatterall/?hl=en,2025-11-16T03:18:07Z
23,Catterall,4,Simon Catterall - College of Arts & Sciences at Syracuse University,https://artsandsciences.syracuse.edu/people/faculty/catterall-simon/,2025-11-16T03:18:07Z
23,Catterall,5,James Catterall,https://senate.universityofcalifornia.edu/in-memoriam/files/james-catterall.html,2025-11-16T03:18:07Z
23,Catterall,6,"CDR David J. Catterall > Naval Surface Force, U.S. Pacific Fleet ...",https://www.surfpac.navy.mil/Leaders/Biography/Article/2825840/cdr-david-j-catterall/,2025-11-16T03:18:07Z
23,Catterall,7,"Remembering Bill Catterall, ion channel research pioneer - UW ...",https://newsroom.uw.edu/blog/remembering-bill-catterall-ion-channel-research-pioneer,2025-11-16T03:18:07Z
23,Catterall,8,Kate Catterall | School of Design and Creative Technologies - The ...,https://designcreativetech.utexas.edu/kate-catterall,2025-11-16T03:18:07Z
23,Catterall,9,Obituary information for Robert Frederick Catterall,https://www.crowellbrothers.com/obituaries/Robert-Frederick-Catterall?obId=36546647,2025-11-16T03:18:07Z
23,Catterall,10,What's next for Jack Catterall? Looks like they want a world title shot ...,https://www.reddit.com/r/Boxing/comments/1d1nrla/whats_next_for_jack_catterall_looks_like_they/,2025-11-16T03:18:07Z
23,Catterall,11,"Natalie Catterall, PT, DPT | NYU Langone Health",https://nyulangone.org/doctors/1710517990/natalie-catterall,2025-11-16T03:18:07Z
23,Catterall,12,Mark F Catterall - WellSpan Health,https://www.wellspan.org/doctors/mark-f-catterall-york-pa-2620121,2025-11-16T03:18:07Z
23,Catterall,13,Sena Catterall - Women's Hockey - Clarkson University Athletics,https://clarksonhockey.com/sports/womens-ice-hockey/roster/sena-catterall/9011,2025-11-16T03:18:07Z
23,Catterall,14,Lauren Catterall | SIU School of Medicine,https://www.siumed.edu/lauren-catterall,2025-11-16T03:18:07Z
23,Catterall,15,[Post-Fight Thread] Josh Taylor vs Jack Catterall : r/Boxing,https://www.reddit.com/r/Boxing/comments/t2a32t/postfight_thread_josh_taylor_vs_jack_catterall/,2025-11-16T03:18:07Z
23,Catterall,16,"Kenneth Catterall Obituary April 9, 2025 - Memorial Funeral Homes",https://www.memorialfuneralhome.com/obituaries/kenneth-catterall,2025-11-16T03:18:07Z
23,Catterall,17,"""A History of STEM and STEAM"" by Lisa G. Catterall",https://scholarship.claremont.edu/steam/vol3/iss1/5/,2025-11-16T03:18:07Z
23,Catterall,18,Mark Catterall - Soccer Coach - App State Athletics,https://appstatesports.com/sports/womens-soccer/roster/coaches/mark-catterall/1615,2025-11-16T03:18:07Z
23,Catterall,19,Voltage-gated calcium channels,https://pubmed.ncbi.nlm.nih.gov/21746798/,2025-11-16T03:18:07Z
23,Catterall,20,"In memoriam: James Catterall, professor of education renowned for ...",https://newsroom.ucla.edu/stories/in-memoriam-james-catterall-professor-of-education-renowned-for-studying-arts-and-education,2025-11-16T03:18:07Z
24,George Ford,1,George Ford (rugby union) - Wikipedia,https://en.wikipedia.org/wiki/George_Ford_(rugby_union),2025-11-16T03:18:11Z
24,George Ford,2,George Ford (@george_fordy) ‚Ä¢ Instagram photos and videos,https://www.instagram.com/george_fordy/?hl=en,2025-11-16T03:18:11Z
24,George Ford,3,George Ford | U-M LSA Physics,https://lsa.umich.edu/physics/people/emeritus/gwf.html,2025-11-16T03:18:11Z
24,George Ford,4,George Ford on Instagram,https://www.instagram.com/p/DNGo3cyNbNg/?hl=en,2025-11-16T03:18:11Z
24,George Ford,5,"I'm George Ford, AMA! : r/rugbyunion",https://www.reddit.com/r/rugbyunion/comments/1avo0cl/im_george_ford_ama/,2025-11-16T03:18:11Z
24,George Ford,6,George Ford player profile page,https://www.englandrugby.com/follow/england-men/senior-men/george-ford,2025-11-16T03:18:11Z
24,George Ford,7,AdvantageCARE | Ken Garff St. George Ford,https://www.kengarffstgeorgeford.com/advantagecare/,2025-11-16T03:18:11Z
24,George Ford,8,"Dr. George Ford | College of Architecture, Art, and Design",https://www.caad.msstate.edu/directory/gdf53,2025-11-16T03:18:11Z
24,George Ford,9,"Ken Garff St. George Ford | Ford Dealer in Saint George, UT",https://www.kengarffstgeorgeford.com/,2025-11-16T03:18:11Z
24,George Ford,10,"George A Ford MD, Internal Medicine | Methodist Physician ...",https://methodistphysicianpractices.com/physicians/profile/Dr-George-A-Ford-MD,2025-11-16T03:18:11Z
24,George Ford,11,George M. Ford | Conn Kavanaugh,https://www.connkavanaugh.com/professionals/george-m-ford/,2025-11-16T03:18:11Z
24,George Ford,12,"George A. Ford, MD in Johnson City, TN | Ballad Health",https://www.balladhealth.org/doctor-profile/1750525713/george-a-ford-md,2025-11-16T03:18:11Z
24,George Ford,13,Professional Staff - Phoenix Center for Advanced Legal & Economic ...,https://www.phoenix-center.org/pcps.html,2025-11-16T03:18:11Z
24,George Ford,14,New Ford Models For Sale | King George Ford Dealer,https://www.baysideford.com/new-inventory/index.htm,2025-11-16T03:18:11Z
24,George Ford,15,George Ford - IMDb,https://www.imdb.com/name/nm0285660/,2025-11-16T03:18:11Z
24,George Ford,16,"Bayside Ford: New & Used Ford Dealership in King George, VA",https://www.baysideford.com/,2025-11-16T03:18:11Z
24,George Ford,17,George Ford,https://www.facebook.com/GeorgeFord/,2025-11-16T03:18:11Z
24,George Ford,18,"George Ford, M.D. | ETSU Health",https://www.etsuhealth.org/find-a-doctor/endocrinology/george_ford.php,2025-11-16T03:18:11Z
24,George Ford,19,Did anyone attend George Ford Elementary School?,https://www.facebook.com/groups/219031855536066/posts/1707573213348582/,2025-11-16T03:18:11Z
24,George Ford,20,"George Ford, MD, MS",https://www.etsu.edu/com/pediatrics/divisions/ford.php,2025-11-16T03:18:11Z
25,GAME ON,1,Game On | Boston's Premier Dining & Entertainment Venue,https://www.gameonboston.com/,2025-11-16T03:18:15Z
25,GAME ON,2,Game On - Fort Worth,https://www.gameonfw.com/,2025-11-16T03:18:15Z
25,GAME ON,3,Game On¬Æ | Sunglo Feeds,https://sunglofeeds.com/products/game-on/,2025-11-16T03:18:15Z
25,GAME ON,4,Game On Games - Games and Comics,https://gameongames.com/,2025-11-16T03:18:15Z
25,GAME ON,5,Game On Arizona - Prescott,https://www.gameonarizona.com/,2025-11-16T03:18:15Z
25,GAME ON,6,GameOn Bar+Arcade: Arcade Gaming,http://www.gameonbararcade.com/,2025-11-16T03:18:15Z
25,GAME ON,7,Game On Social Hub,http://gameonsocialhub.com/,2025-11-16T03:18:15Z
25,GAME ON,8,Game On (B&N Exclusive Edition) (Into Darkness Series #3) by ...,https://www.barnesandnoble.com/w/game-on-navessa-allen/1148120629,2025-11-16T03:18:15Z
25,GAME ON,9,GAME ON | Mohegan Sun,https://mohegansun.com/poi/dining/game-on.html,2025-11-16T03:18:15Z
25,GAME ON,10,Game On ‚Äì Westside Strongside,https://gameonsb.com/,2025-11-16T03:18:15Z
25,GAME ON,11,Amusement and Casino Game Rentals ‚Äî Game On! - Dallas,https://gameondallas.com/,2025-11-16T03:18:15Z
25,GAME ON,12,Game On Berkeley Berkeley | Hands-On Fun in Berkeley,https://www.gameonberkeley.com/,2025-11-16T03:18:15Z
25,GAME ON,13,Game On Mohegan Sun,https://gameonmohegan.com/,2025-11-16T03:18:15Z
25,GAME ON,14,Game On Sports & Performance Center - A State of the Arts Facility,https://www.gameonfitchburg.com/,2025-11-16T03:18:15Z
25,GAME ON,15,GAME-ON & OncoArray | EGRP/DCCPS/NCI/NIH,https://epi.grants.cancer.gov/gameon/,2025-11-16T03:18:15Z
25,GAME ON,16,Releasing a game on Steam : r/gamedev,https://www.reddit.com/r/gamedev/comments/18c3aof/releasing_a_game_on_steam/,2025-11-16T03:18:15Z
25,GAME ON,17,Game On NW,https://gameonnw.com/,2025-11-16T03:18:15Z
25,GAME ON,18,Game On - Augusta,https://gameoncafe.crystalcommerce.com/,2025-11-16T03:18:15Z
25,GAME ON,19,Game On! Now Open at Minnesota Children's Museum - Minnesota ...,https://mcm.org/game-on-now-open-at-minnesota-childrens-museum/,2025-11-16T03:18:15Z
25,GAME ON,20,Game On 1 - Accessibility Controller,https://www.pretorianuk.com/game-on-1/,2025-11-16T03:18:15Z
